id;createdTime;ESQUEMA;TABLA;ID_ORIGEN;MODELO
rec0BC7PhRXUlOw1z;2020-06-22T01:17:25.000Z;telesoft;CR.PRODUCTOMOROSO CR.CUPONES;telesoft.CR.PRODUCTOMOROSO CR.CUPONES;
rec0j6QMJsKtddCUd;2020-06-22T01:17:25.000Z;dlanalytics;db_naranja_facts_analytics.tb_naranja_ar_magento_salesorderpayment_vw;dlanalytics.db_naranja_facts_analytics.tb_naranja_ar_magento_salesorderpayment_vw;
rec1gaoDvHW7G90Yv;2020-06-22T01:17:25.000Z;dlanalytics;db_naranja_facts_analytics.tb_naranja_ar_aavanzada_scorepropensiondebajaapcg_vw;dlanalytics.db_naranja_facts_analytics.tb_naranja_ar_aavanzada_scorepropensiondebajaapcg_vw;
rec1ndSC6YLmZ30ac;2020-06-22T01:17:25.000Z;core;mpropuestas-mora;core.mpropuestas-mora;
rec1vt17XHGJtKDiD;2020-06-22T01:17:25.000Z;sap;NC_REGISTRACION_LOG;sap.NC_REGISTRACION_LOG;
rec22XEi7YvRugwDA;2020-06-22T01:17:25.000Z;telesoft;CR.CONTACTO;telesoft.CR.CONTACTO;
rec2hRWo14eON3qB3;2020-06-22T01:17:25.000Z;core;mtitular-segmento;core.mtitular-segmento;
rec2kXZ7aiilISCvZ;2020-06-22T01:17:25.000Z;dwh;FAC_COBRANZAS_ABOG;dwh.FAC_COBRANZAS_ABOG;
rec2mehGPK8qO7sG6;2020-06-22T01:17:25.000Z;dlanalytics;db_naranja_facts_analytics.tb_naranja_ar_aavanzada_scoreinactividadfinanciera_vw;dlanalytics.db_naranja_facts_analytics.tb_naranja_ar_aavanzada_scoreinactividadfinanciera_vw;
rec37MKmN76WUXsIw;2020-06-22T01:17:25.000Z;dlanalytics;db_naranja_facts_analytics.tb_naranja_ar_magento_vesvendorsalesorder_vw;dlanalytics.db_naranja_facts_analytics.tb_naranja_ar_magento_vesvendorsalesorder_vw;
rec3OHIc605JUngmc;2020-06-22T01:17:25.000Z;s3raw;db_naranja_sap_raw/tb_cupones;s3raw.db_naranja_sap_raw/tb_cupones;
rec3mKXFHcbJYzoHc;2020-06-22T01:17:25.000Z;dlanalytics;db_naranja_facts_analytics.tb_naranja_ar_core_tarjetaspack_vw;dlanalytics.db_naranja_facts_analytics.tb_naranja_ar_core_tarjetaspack_vw;
rec4ZGttrJpde8ORJ;2020-06-22T01:17:25.000Z;dlanalytics;db_naranja_facts_analytics.tb_naranja_ar_magento_catalogproductentity_vw;dlanalytics.db_naranja_facts_analytics.tb_naranja_ar_magento_catalogproductentity_vw;
rec4ixRW75s6EGXv9;2020-06-22T01:17:25.000Z;s3raw;db_naranja_sap_raw/tb_viasingreso;s3raw.db_naranja_sap_raw/tb_viasingreso;
rec4tC281vDJtGpOR;2020-06-22T01:17:25.000Z;dlanalytics;db_naranja_facts_analytics.tb_naranja_ar_core_comercios_daily_snapshot;dlanalytics.db_naranja_facts_analytics.tb_naranja_ar_core_comercios_daily_snapshot;
rec5RFvgZ0cPl7Bve;2020-06-22T01:17:25.000Z;sap;Pedidos_Tracking;sap.Pedidos_Tracking;
rec5S1XZsKmhSq3qU;2020-06-22T01:17:25.000Z;dlanalytics;db_naranja_facts_analytics.tb_naranja_ar_aavanzada_justoparavosdigital_vw;dlanalytics.db_naranja_facts_analytics.tb_naranja_ar_aavanzada_justoparavosdigital_vw;
rec5VGJajdBK2ZiVL;2020-06-22T01:17:25.000Z;sap;Estados;sap.Estados;
rec5XuaJEAo5S47Cy;2020-06-22T01:17:25.000Z;sap;Procesos;sap.Procesos;
rec5bSYEjp6xvkB9E;2020-06-22T01:17:25.000Z;dlanalytics;db_naranja_facts_analytics.tb_ar_cuentas_daily_snapshot_vw;dlanalytics.db_naranja_facts_analytics.tb_ar_cuentas_daily_snapshot_vw;
rec5hxVPHldOjIkm0;2020-06-22T01:17:25.000Z;dlanalytics;db_naranja_facts_analytics.tb_naranja_ar_magento_summapaymentplanflat_vw;dlanalytics.db_naranja_facts_analytics.tb_naranja_ar_magento_summapaymentplanflat_vw;
rec6T1cP1tQbGdpln;2020-06-22T01:17:25.000Z;s3raw;datalake-produccion-rawdata/archivo_promociones;s3raw.datalake-produccion-rawdata/archivo_promociones;
rec6ZYxbeYl0REKnv;2020-06-22T01:17:25.000Z;dlanalytics;db_naranja_facts_analytics.tb_ar_dimnivelriesgo_daily_snapshot_vw;dlanalytics.db_naranja_facts_analytics.tb_ar_dimnivelriesgo_daily_snapshot_vw;
rec6eNY3YkKkMrWmt;2020-06-22T01:17:25.000Z;sap;ViasIngreso;sap.ViasIngreso;
rec6tfKEcAM6MttfU;2020-06-22T01:17:25.000Z;core;MGARANTE;core.MGARANTE;
rec7DdtardZXUPDxX;2020-06-22T01:17:25.000Z;core;/usr/cobol/salto/arch/mtelefono-log;core./usr/cobol/salto/arch/mtelefono-log;
rec7OiPckXsI9gpw9;2020-06-22T01:17:25.000Z;dlanalytics;db_naranja_facts_analytics.tb_naranja_ar_auth0_userlogstream_vw;dlanalytics.db_naranja_facts_analytics.tb_naranja_ar_auth0_userlogstream_vw;
rec8LrtvCzwgbHL7I;2020-06-22T01:17:25.000Z;dlanalytics;db_naranja_facts_analytics.tb_naranja_ar_magento_salesshipmenttrack_vw;dlanalytics.db_naranja_facts_analytics.tb_naranja_ar_magento_salesshipmenttrack_vw;
rec8W1e2PZ9FxdfWj;2020-06-22T01:17:25.000Z;sap;Pedidos;sap.Pedidos;
rec8ufdmejJ4i2r2m;2020-06-22T01:17:25.000Z;telesoft;CR.QUITAABOGADOPRODUCTO;telesoft.CR.QUITAABOGADOPRODUCTO;
rec93IAOvHmZ770xs;2020-06-22T01:17:25.000Z;core;/usr/cobol/salto/arch/mdommodif;core./usr/cobol/salto/arch/mdommodif;
rec9KAAohXA7HGRT0;2020-06-22T01:17:25.000Z;dlanalytics;db_naranja_facts_analytics.tb_naranja_ar_pr_scorerechazos_vw;dlanalytics.db_naranja_facts_analytics.tb_naranja_ar_pr_scorerechazos_vw;
rec9US9s1dSRu47QX;2020-06-22T01:17:25.000Z;dlanalytics;db_naranja_facts_analytics.tb_naranja_ar_vista360_demografia_vw;dlanalytics.db_naranja_facts_analytics.tb_naranja_ar_vista360_demografia_vw;
rec9Z0PCR0hbaUizs;2020-06-22T01:17:25.000Z;core;"interface file ""cr-novdia"" (no persistente)";"core.interface file ""cr-novdia"" (no persistente)";
rec9jLTuSez6wxTyC;2020-06-22T01:17:25.000Z;sap;CategoriasTipos;sap.CategoriasTipos;
rec9tUQua438c4clu;2020-06-22T01:17:25.000Z;dlanalytics;db_naranja_facts_analytics.tb_naranja_ar_magento_reportviewedproductindex_vw;dlanalytics.db_naranja_facts_analytics.tb_naranja_ar_magento_reportviewedproductindex_vw;
recAlvnBSfKNwm4LS;2020-06-22T01:17:25.000Z;dwh;FAC_PEDIDOS_PENDIENTES_SAP_C FAC_PEDIDOS_CERRADOS_SAP_C;dwh.FAC_PEDIDOS_PENDIENTES_SAP_C FAC_PEDIDOS_CERRADOS_SAP_C;
recAwjXQVxSZOUprH;2020-06-22T01:17:25.000Z;sap;Usuarios;sap.Usuarios;
recBEoSeaMvMiOdht;2020-06-22T01:17:25.000Z;sap;NC_TIPOS;sap.NC_TIPOS;
recByG5ZrkD61SM80;2020-06-22T01:17:25.000Z;sap;Cupones;sap.Cupones;
recCpKji8D8pOx6FZ;2020-06-22T01:17:25.000Z;s3raw;db_naranja_sap_raw/tb_categoriastipos;s3raw.db_naranja_sap_raw/tb_categoriastipos;
recDBGhbr6vDKdS7w;2020-06-22T01:17:25.000Z;dlanalytics;db_naranja_facts_analytics.tb_naranja_ar_intranet_locales_vw;dlanalytics.db_naranja_facts_analytics.tb_naranja_ar_intranet_locales_vw;
recDSmGLRzCgS0bHl;2020-06-22T01:17:25.000Z;dlanalytics;db_naranja_facts_analytics.tb_naranja_ar_pr_segmentacion_vw;dlanalytics.db_naranja_facts_analytics.tb_naranja_ar_pr_segmentacion_vw;
recDSzOpawU4nVGzt;2020-06-22T01:17:25.000Z;dwh;DIM_CLIENTES;dwh.DIM_CLIENTES;
recDUkb8FaudXq83D;2020-06-22T01:17:25.000Z;dlanalytics;db_naranja_facts_analytics.tb_gruponaranja_ar_tuxpa_customers_daily_snapshot_vw;dlanalytics.db_naranja_facts_analytics.tb_gruponaranja_ar_tuxpa_customers_daily_snapshot_vw;
recDo4MnH63szmSos;2020-06-22T01:17:25.000Z;telesoft;CR.ABOREFINANCIACION;telesoft.CR.ABOREFINANCIACION;
recDsIxqFKXv5oxqw;2020-06-22T01:17:25.000Z;dlanalytics;db_naranja_facts_analytics.tb_ar_intranetlocales_daily_snapshot_vw;dlanalytics.db_naranja_facts_analytics.tb_ar_intranetlocales_daily_snapshot_vw;
recDudMoc202cousc;2020-06-22T01:17:25.000Z;dlanalytics;db_naranja_facts_analytics.tb_naranja_ar_core_comercios_vw;dlanalytics.db_naranja_facts_analytics.tb_naranja_ar_core_comercios_vw;
recEDll79Wgmm11AV;2020-06-22T01:17:25.000Z;dwh;FAC_SCORE_MORA_TARDIA;dwh.FAC_SCORE_MORA_TARDIA;
recG8HEORIu1elPeQ;2020-06-22T01:17:25.000Z;sap;tipospedidosxBCRA;sap.tipospedidosxBCRA;
recHoFNWI7yzJeB77;2020-06-22T01:17:25.000Z;dlanalytics;db_naranja_facts_analytics.tb_naranja_ar_magento_catalogproductentityint_vw;dlanalytics.db_naranja_facts_analytics.tb_naranja_ar_magento_catalogproductentityint_vw;
recIG5W3F5bqBBDJM;2020-06-21T16:23:47.000Z;DWH;DIM_CLIENTES;DWH.DIM_CLIENTES;['recrisgF5hqZ4NFRV']
recJeWjjTibg4kMOE;2020-06-22T01:17:25.000Z;core;MTARJE;core.MTARJE;
recK1TlDH5n0qEQij;2020-06-22T01:17:25.000Z;s3raw;datalake-produccion-rawdata/core-naranja/mq;s3raw.datalake-produccion-rawdata/core-naranja/mq;
recKAUxPnJp6gKNNu;2020-06-22T01:17:25.000Z;core;/usr/cobol/salto/arch/mpermiso;core./usr/cobol/salto/arch/mpermiso;
recKh9x5KDPKUKx6l;2020-06-22T01:17:25.000Z;dwh;FAC_COBRANZAS_TITULARES;dwh.FAC_COBRANZAS_TITULARES;
recL9mSVNr6kpB7KA;2020-06-22T01:17:25.000Z;s3raw;no tenemos la vista?;s3raw.no tenemos la vista?;
recLK8Hu1suGc3ygF;2020-06-21T16:23:47.000Z;BIGQUERY;BIG QUERY;BIGQUERY.BIG QUERY;['recrisgF5hqZ4NFRV']
recLNy67x64hMYJEl;2020-06-22T01:17:25.000Z;dlanalytics;db_naranja_facts_analytics.tb_naranja_ar_aavanzada_scoreprevencionfraude_vw;dlanalytics.db_naranja_facts_analytics.tb_naranja_ar_aavanzada_scoreprevencionfraude_vw;
recLjKnnDIxzteTiV;2020-06-22T01:17:25.000Z;telesoft;CR.TELEFONO;telesoft.CR.TELEFONO;
recMU1cKcKWEHpBbN;2020-06-22T01:17:25.000Z;dlanalytics;db_naranja_facts_analytics.tb_naranjax_ar_npos_nposventadongle_vw;dlanalytics.db_naranja_facts_analytics.tb_naranjax_ar_npos_nposventadongle_vw;
recMYW3MZRYsz99k6;2020-06-22T01:17:25.000Z;dlanalytics;db_naranja_facts_analytics.tb_naranja_ar_magento_vesvendorentityint_vw;dlanalytics.db_naranja_facts_analytics.tb_naranja_ar_magento_vesvendorentityint_vw;
recMzMi4kcEgdogDp;2020-06-22T01:17:25.000Z;dwh;DIM_ESTADO_MORA  (a partir de FAC_MORA_ESTADOS);dwh.DIM_ESTADO_MORA  (a partir de FAC_MORA_ESTADOS);
recN063n98vRRpw2Q;2020-06-22T01:17:25.000Z;core;/usr/cobol/salto/arch/mtarje;core./usr/cobol/salto/arch/mtarje;
recNMXmbWYaSt4y1O;2020-06-22T01:17:25.000Z;dlanalytics;db_naranja_facts_analytics.tb_naranja_ar_magento_salesordergrid_vw;dlanalytics.db_naranja_facts_analytics.tb_naranja_ar_magento_salesordergrid_vw;
recOc0LzPUnnQhQtg;2020-06-22T01:17:25.000Z;telesoft;CR.ABOHISTORIA;telesoft.CR.ABOHISTORIA;
recPTWy1dLDTZcRmN;2020-06-22T01:17:25.000Z;ics;COBRA.CUSTOM_PEOPLE;ics.COBRA.CUSTOM_PEOPLE;
recPYcynkbehDsOEm;2020-06-22T01:17:25.000Z;dlanalytics;db_naranja_facts_analytics.tb_naranja_ar_magento_salesorder_vw;dlanalytics.db_naranja_facts_analytics.tb_naranja_ar_magento_salesorder_vw;
recQd1vVB2eqRE5xL;2020-06-22T01:17:25.000Z;dlanalytics;db_naranja_facts_analytics.tb_naranja_ar_magento_vesvendorentity_vw;dlanalytics.db_naranja_facts_analytics.tb_naranja_ar_magento_vesvendorentity_vw;
recRD5j3mmvyxpdkb;2020-06-22T01:17:25.000Z;dlanalytics;db_naranja_facts_analytics.tb_naranja_ar_pr_scorecobranzas_vw;dlanalytics.db_naranja_facts_analytics.tb_naranja_ar_pr_scorecobranzas_vw;
recRqtnlp88gCFmcz;2020-06-22T01:17:25.000Z;core;/usr/cobol/salto/arch/mpatrimonio;core./usr/cobol/salto/arch/mpatrimonio;
recRvdcAQP69M86FM;2020-06-22T01:17:25.000Z;dlanalytics;db_naranja_facts_analytics.tb_naranja_ar_pr_scorejustoparavos_vw;dlanalytics.db_naranja_facts_analytics.tb_naranja_ar_pr_scorejustoparavos_vw;
recS6OraC3kWXcdo1;2020-06-22T01:17:25.000Z;dlanalytics;db_naranja_facts_analytics.tb_naranja_ar_dwh_dimnivelriesgo_vw;dlanalytics.db_naranja_facts_analytics.tb_naranja_ar_dwh_dimnivelriesgo_vw;
recSaGNULaNR6l8bO;2020-06-22T01:17:25.000Z;dlanalytics;db_naranja_facts_analytics.tb_naranja_ar_dwh_nivelriesgo_vw;dlanalytics.db_naranja_facts_analytics.tb_naranja_ar_dwh_nivelriesgo_vw;
recSvSdkKknjcdeWK;2020-06-22T01:17:25.000Z;dlanalytics;db_naranja_facts_analytics.tb_naranja_ar_core_gestiones_vw;dlanalytics.db_naranja_facts_analytics.tb_naranja_ar_core_gestiones_vw;
recT5tMgFSAq9pEbR;2020-06-22T01:17:25.000Z;telesoft;CR.ABOGADO;telesoft.CR.ABOGADO;
recTEfoefoyd21RlD;2020-06-22T01:17:25.000Z;core;/usr/cobol/salto/arch/mcajas;core./usr/cobol/salto/arch/mcajas;
recTEubQiraMVUa7C;2020-06-22T01:17:25.000Z;sap;PROCESOS_ACCIONES;sap.PROCESOS_ACCIONES;
recTKI1wK2n2y2ekN;2020-06-22T01:17:25.000Z;s3raw;datalake-produccion-rawdata/esle_promociones;s3raw.datalake-produccion-rawdata/esle_promociones;
recTXr3W9cDlicQf6;2020-06-22T01:17:25.000Z;core;/usr/cobol/salto/arch/mlabora;core./usr/cobol/salto/arch/mlabora;
recUEdxbyz9u7MsZJ;2020-06-22T01:17:25.000Z;telesoft;CR.CUOTASREFINANCIA;telesoft.CR.CUOTASREFINANCIA;
recUeimFQPjnCOPW1;2020-06-22T01:17:25.000Z;telesoft;CR.PAGOS;telesoft.CR.PAGOS;
recUpkKJRU6TfA8Bp;2020-06-22T01:17:25.000Z;dlanalytics;db_naranja_facts_analytics.tb_naranjax_ar_npos_nposcomercios_vw;dlanalytics.db_naranja_facts_analytics.tb_naranjax_ar_npos_nposcomercios_vw;
recUwGlAuCVAwXliG;2020-06-22T01:17:25.000Z;s3raw;db_naranja_sap_raw/tb_pedidos;s3raw.db_naranja_sap_raw/tb_pedidos;
recVon9djspktgabR;2020-06-22T01:17:25.000Z;dlanalytics;db_naranja_facts_analytics.tb_naranja_ar_magento_catalogproductentitydecimal_vw;dlanalytics.db_naranja_facts_analytics.tb_naranja_ar_magento_catalogproductentitydecimal_vw;
recW94xqm4Cd7gtwj;2020-06-22T01:17:25.000Z;dlanalytics;db_naranja_facts_analytics.tb_naranja_ar_core_cuentas_vw;dlanalytics.db_naranja_facts_analytics.tb_naranja_ar_core_cuentas_vw;
recWWIownbRDQ3nwB;2020-06-22T01:17:25.000Z;dlanalytics;db_naranja_facts_analytics.tb_naranja_ar_magento_inventorysourceitem_vw;dlanalytics.db_naranja_facts_analytics.tb_naranja_ar_magento_inventorysourceitem_vw;
recWgoyYIxbXvDdx1;2020-06-22T01:17:25.000Z;dlanalytics;db_naranja_facts_analytics.tb_naranja_ar_dwh_scorecomportamiento_vw;dlanalytics.db_naranja_facts_analytics.tb_naranja_ar_dwh_scorecomportamiento_vw;
recXEXvkSK8bOtF4a;2020-06-22T01:17:25.000Z;core;/usr/cobol/salto/arch/mcoam;core./usr/cobol/salto/arch/mcoam;
recXbTKgKfn1oOaZl;2020-06-22T01:17:25.000Z;dlanalytics;db_naranja_facts_analytics.tb_naranja_ar_magento_summapaymentplan_vw;dlanalytics.db_naranja_facts_analytics.tb_naranja_ar_magento_summapaymentplan_vw;
recXn1of31w0sAAGm;2020-06-22T01:17:25.000Z;core;/usr/cobol/salto/arch/memail;core./usr/cobol/salto/arch/memail;
recXqfzdLxpGany8e;2020-06-22T01:17:25.000Z;dlanalytics;db_naranja_facts_analytics.tb_naranjax_ar_npos_npostransacciones_vw;dlanalytics.db_naranja_facts_analytics.tb_naranjax_ar_npos_npostransacciones_vw;
recY8Stq4Z5bysfap;2020-06-22T01:17:25.000Z;dlanalytics;db_naranja_facts_analytics.tb_naranja_ar_vista360_analytics_vw;dlanalytics.db_naranja_facts_analytics.tb_naranja_ar_vista360_analytics_vw;
recYHIqeVUIZdFFQC;2020-06-22T01:17:25.000Z;dwh;FAC_SCORE_COBRANZAS;dwh.FAC_SCORE_COBRANZAS;
recYJQNnn0lyZAuKy;2020-06-22T01:17:25.000Z;dlanalytics;db_naranja_facts_analytics.tb_naranja_ar_magento_customerentity_vw;dlanalytics.db_naranja_facts_analytics.tb_naranja_ar_magento_customerentity_vw;
recYPTndlZ1euCwai;2020-06-22T01:17:25.000Z;dlanalytics;db_naranja_facts_analytics.tb_naranja_ar_magento_eavattribute_vw;dlanalytics.db_naranja_facts_analytics.tb_naranja_ar_magento_eavattribute_vw;
recZRgiOgicUL5CDL;2020-06-22T01:17:25.000Z;dlanalytics;db_naranja_facts_analytics.tb_naranja_ar_aavanzada_scorepropensionrevistas_vw;dlanalytics.db_naranja_facts_analytics.tb_naranja_ar_aavanzada_scorepropensionrevistas_vw;
recZVtGawlFCXwULs;2020-06-22T01:17:25.000Z;s3raw;datalake-produccion-rawdata/fac_promociones_impactados;s3raw.datalake-produccion-rawdata/fac_promociones_impactados;
reca1FGDJB3NzFCxS;2020-06-22T01:17:25.000Z;dlanalytics;db_naranja_facts_analytics.tb_naranja_ar_core_locales_vw;dlanalytics.db_naranja_facts_analytics.tb_naranja_ar_core_locales_vw;
recaTJRjqYyfh8zq6;2020-06-22T01:17:25.000Z;dwh;DIM_PRODUCTOS_CUPONES;dwh.DIM_PRODUCTOS_CUPONES;
recbGrB2acx3SuioD;2020-06-22T01:17:25.000Z;dlanalytics;db_naranja_facts_analytics.tb_naranja_ar_pr_migracionpagodigital_vw;dlanalytics.db_naranja_facts_analytics.tb_naranja_ar_pr_migracionpagodigital_vw;
reccFrOIPY3z5i2ke;2020-06-22T01:17:25.000Z;telesoft;CR.PRODUCTOMOROSO;telesoft.CR.PRODUCTOMOROSO;
reccXAGyfd38tXWHO;2020-06-22T01:17:25.000Z;s3raw;datalake-produccion-rawdata/dim_clientes;s3raw.datalake-produccion-rawdata/dim_clientes;
recco7cKdy3FExK8T;2020-06-22T01:17:25.000Z;dlanalytics;db_naranja_facts_analytics.tb_naranja_ar_magento_catalogproductindexprice_vw;dlanalytics.db_naranja_facts_analytics.tb_naranja_ar_magento_catalogproductindexprice_vw;
recd6BLVOyLCCH9EB;2020-06-22T01:17:25.000Z;core;/usr/cobol/salto/arch/megrcaj;core./usr/cobol/salto/arch/megrcaj;
recdgq3SqBgPw7WWV;2020-06-22T01:17:25.000Z;dwh;FAC_SCORE_COMPORTAMIENTO;dwh.FAC_SCORE_COMPORTAMIENTO;
receG7s1RgNUZiBCF;2020-06-22T01:17:25.000Z;dwh;DIM_CUENTAS;dwh.DIM_CUENTAS;
receeNoCac90XdXPB;2020-06-22T01:17:25.000Z;s3raw;s3://datalake-produccion-rawdata/core-naranja/mq/mq_transacciones;s3raw.s3://datalake-produccion-rawdata/core-naranja/mq/mq_transacciones;
receeVoGoQlAOfp1M;2020-06-22T01:17:25.000Z;telesoft;Monto de pago;telesoft.Monto de pago;
recehG6wJnRJ3OTrw;2020-06-22T01:17:25.000Z;core;/usr/cobol/salto/arch/mcotizacion;core./usr/cobol/salto/arch/mcotizacion;
recfFcgeeIOtWG3ZK;2020-06-22T01:17:25.000Z;dlanalytics;db_naranja_facts_analytics.tb_naranja_ar_magento_catalogcategoryentityvarchar_vw;dlanalytics.db_naranja_facts_analytics.tb_naranja_ar_magento_catalogcategoryentityvarchar_vw;
recfonc6BXT49rqZ3;2020-06-22T01:17:25.000Z;dwh;FAC_MORA_ESTADOS;dwh.FAC_MORA_ESTADOS;
recgVrfnmxzpwqsiQ;2020-06-22T01:17:25.000Z;dlanalytics;db_naranja_facts_analytics.tb_naranja_ar_pr_scoremoratardia_vw;dlanalytics.db_naranja_facts_analytics.tb_naranja_ar_pr_scoremoratardia_vw;
recggerAAPe3yqeQ2;2020-06-22T01:17:25.000Z;dlanalytics;db_naranja_facts_analytics.tb_naranja_ar_magento_eaventitytype_vw;dlanalytics.db_naranja_facts_analytics.tb_naranja_ar_magento_eaventitytype_vw;
rechOMwQ3HcOwVNgl;2020-06-22T01:17:25.000Z;s3raw;corenaranja.core_mq_cotizaciones;s3raw.corenaranja.core_mq_cotizaciones;
rechQ7M3HfE2o53y0;2020-06-22T01:17:25.000Z;dlanalytics;db_naranja_facts_analytics.tb_ar_locales_daily_snapshot_vw;dlanalytics.db_naranja_facts_analytics.tb_ar_locales_daily_snapshot_vw;
rechVAqB6zw1jBaGM;2020-06-22T01:17:25.000Z;dlanalytics;db_naranja_facts_analytics.tb_naranja_ar_magento_catalogproductrelation_vw;dlanalytics.db_naranja_facts_analytics.tb_naranja_ar_magento_catalogproductrelation_vw;
rechpnTuNv5dtbIht;2020-06-22T01:17:25.000Z;telesoft;CR.FAC_FCR_PROPORCIONES;telesoft.CR.FAC_FCR_PROPORCIONES;
rechsVL7B4PtHd5Gg;2020-06-22T01:17:25.000Z;telesoft;CR.SCORE_MORA_TARDIA;telesoft.CR.SCORE_MORA_TARDIA;
reciTRPJ56V9oddSo;2020-06-22T01:17:25.000Z;dlanalytics;db_naranja_facts_analytics.tb_naranja_ar_core_autorizaciones_vw;dlanalytics.db_naranja_facts_analytics.tb_naranja_ar_core_autorizaciones_vw;
reciniXp5kakblDJQ;2020-06-22T01:17:25.000Z;sap;TiposPedidos;sap.TiposPedidos;
recjYpPRyO5Ms2TbR;2020-06-22T01:17:25.000Z;s3raw;db_naranja_sap_raw/tb_tipospedidos;s3raw.db_naranja_sap_raw/tb_tipospedidos;
reckD9fBUitWemtSN;2020-06-22T01:17:25.000Z;dlanalytics;db_naranja_facts_analytics.tb_naranja_ar_magento_catalogproductentityvarchar_vw;dlanalytics.db_naranja_facts_analytics.tb_naranja_ar_magento_catalogproductentityvarchar_vw;
reckOcDxGXLlOVewW;2020-06-22T01:17:25.000Z;dwh;FAC_REQUISITOS;dwh.FAC_REQUISITOS;
reckVLkkPQJpXW81Y;2020-06-22T01:17:25.000Z;dlanalytics;db_naranja_facts_analytics.tb_naranja_ar_magento_catalogcategoryproduct_vw;dlanalytics.db_naranja_facts_analytics.tb_naranja_ar_magento_catalogcategoryproduct_vw;
reckvqrDFSv5QujEa;2020-06-22T01:17:25.000Z;ics;COBRA.ACCOUNT;ics.COBRA.ACCOUNT;
reclM6F0Wqxw24cC3;2020-06-22T01:17:25.000Z;dlanalytics;db_naranja_facts_analytics.tb_naranja_ar_aavanzada_clientedigital_vw;dlanalytics.db_naranja_facts_analytics.tb_naranja_ar_aavanzada_clientedigital_vw;
recnB7U2PV4EdZZ5S;2020-06-22T01:17:25.000Z;core;mpropuestas-optadas;core.mpropuestas-optadas;
recndtpmYUvaGk3Rm;2020-06-22T01:17:25.000Z;core;mconta;core.mconta;
recniRoxdivpbMYAD;2020-06-22T01:17:25.000Z;dlanalytics;db_naranja_facts_analytics.tb_naranja_ar_magento_salesorderaddress_vw;dlanalytics.db_naranja_facts_analytics.tb_naranja_ar_magento_salesorderaddress_vw;
recnnIjvpLXcDes7H;2020-06-22T02:35:07.000Z;dlanalytics;db_naranja_facts_analytics.tb_naranja_ar_dbanalytics_personas_vw;dlanalytics.db_naranja_facts_analytics.tb_naranja_ar_dbanalytics_personas_vw;
recnrHTN5ZaJ3jobx;2020-06-22T01:17:25.000Z;core;/usr/cobol/salto/arch/mdgiid;core./usr/cobol/salto/arch/mdgiid;
recoVI1E9jLnH4znI;2020-06-22T01:17:25.000Z;dlanalytics;db_naranja_facts_analytics.tb_naranja_ar_aavanzada_rentapuntosquiero_vw;dlanalytics.db_naranja_facts_analytics.tb_naranja_ar_aavanzada_rentapuntosquiero_vw;
recoas0CbFPq9bDuQ;2020-06-22T01:17:25.000Z;dlanalytics;db_naranja_facts_analytics.tb_naranja_ar_magento_salesorderitem_vw;dlanalytics.db_naranja_facts_analytics.tb_naranja_ar_magento_salesorderitem_vw;
recopdRDqQXREMmv0;2020-06-22T01:17:25.000Z;s3trusted;tb_naranja_ar_core_gestiones;s3trusted.tb_naranja_ar_core_gestiones;
recpcy93kVVTYgwBN;2020-06-22T01:17:25.000Z;core;/usr/cobol/salto/arch/mmail-log;core./usr/cobol/salto/arch/mmail-log;
recpvExH0QWzH3fuN;2020-06-22T01:17:25.000Z;s3raw;db_naranja_sap_raw/tb_procesos_acciones;s3raw.db_naranja_sap_raw/tb_procesos_acciones;
recrkUWuyvzF1tgkK;2020-06-22T01:17:25.000Z;core;/usr/cobol/salto/arch/mtransacciones;core./usr/cobol/salto/arch/mtransacciones;
recsIst7R46SzhBVg;2020-06-22T01:17:25.000Z;dlanalytics;db_naranja_facts_analytics.tb_naranja_ar_core_disponibles_vw;dlanalytics.db_naranja_facts_analytics.tb_naranja_ar_core_disponibles_vw;
recsVJ7oKFLiIEtER;2020-06-22T01:17:25.000Z;dlanalytics;db_naranja_facts_analytics.tb_naranja_ar_auth0_userslogs_vw;dlanalytics.db_naranja_facts_analytics.tb_naranja_ar_auth0_userslogs_vw;
rectMNF2dkljljFQU;2020-06-22T01:17:25.000Z;dlanalytics;db_naranja_facts_analytics.tb_ar_tarjetaspack_daily_snapshot_vw;dlanalytics.db_naranja_facts_analytics.tb_ar_tarjetaspack_daily_snapshot_vw;
rectuWeaLxZZqU5qL;2020-06-22T01:17:25.000Z;ics;COBRA.PAYMENT;ics.COBRA.PAYMENT;
rectwFjuYs69KB2e5;2020-06-22T01:17:25.000Z;dwh;FAC_ESTRATEGIAS_HISTORIAL_ICS;dwh.FAC_ESTRATEGIAS_HISTORIAL_ICS;
recuDDIQQbqJ93mtQ;2020-06-22T01:17:25.000Z;core;/usr/cobol/salto/arch/mcajas-det;core./usr/cobol/salto/arch/mcajas-det;
recuehxF1n9MxH6B1;2020-06-22T01:17:25.000Z;ics;COBRA.PEOPLE;ics.COBRA.PEOPLE;
recukS79jaxS2SFYR;2020-06-22T01:17:25.000Z;core;"interface file ""transf-recuperomora"" (no persistente)";"core.interface file ""transf-recuperomora"" (no persistente)";
recv4meDSq2r6MDQp;2020-06-22T01:17:25.000Z;dwh;FAC_SALDOS_CUPONES;dwh.FAC_SALDOS_CUPONES;
recvEC4WAJ5krpLmX;2020-06-22T01:17:25.000Z;dlanalytics;db_naranja_facts_analytics.tb_naranja_ar_dwh_preevaluacionespr_vw;dlanalytics.db_naranja_facts_analytics.tb_naranja_ar_dwh_preevaluacionespr_vw;
recwf3RVe5lO9ot3k;2020-06-22T01:17:25.000Z;telesoft;CR.ABOGADOEMPRESA;telesoft.CR.ABOGADOEMPRESA;
recwn6SZKf5QlFBXO;2020-06-22T01:17:25.000Z;dwh;N/A;dwh.N/A;
recxZ4WIdND04xKOk;2020-06-22T01:17:25.000Z;dlanalytics;db_naranja_facts_analytics.tb_naranja_ar_magento_searchquery_vw;dlanalytics.db_naranja_facts_analytics.tb_naranja_ar_magento_searchquery_vw;
recxg0TbYwOLOYMB3;2020-06-21T16:23:47.000Z;DWH;DIM_CLIENTES;DWH.DIM_CLIENTES;['recxgMb2Sqk07eRs5']
recxzIrb9mWQ5D4bO;2020-06-22T01:17:19.000Z;core;/usr/cobol/salto/arch/mautori;core./usr/cobol/salto/arch/mautori;
recy4Djk50qkn64tx;2020-06-22T01:17:25.000Z;dlanalytics;db_naranja_facts_analytics.tb_gruponaranja_ar_tuxpa_customers_vw;dlanalytics.db_naranja_facts_analytics.tb_gruponaranja_ar_tuxpa_customers_vw;
recyAhOlSNFlJxEvF;2020-06-22T01:17:25.000Z;ics;N/A;ics.N/A;
recymTUJURl5yNt8o;2020-06-22T01:17:25.000Z;dwh;FAC:_COBRANZAS_TITULARES;dwh.FAC:_COBRANZAS_TITULARES;
recynM7fH40opAbBf;2020-06-22T01:17:25.000Z;dlanalytics;dbAnalytics.tb_naranja_ar_dbanalytics_personas_vw;dlanalytics.dbAnalytics.tb_naranja_ar_dbanalytics_personas_vw;
reczMoJQAvKI3FWqc;2020-06-22T01:17:25.000Z;dlanalytics;db_naranja_facts_analytics.tb_naranja_ar_dwh_rentacum_vw;dlanalytics.db_naranja_facts_analytics.tb_naranja_ar_dwh_rentacum_vw;
reczc4ic4yxRcJHOB;2020-06-22T01:17:25.000Z;dwh;FAC_PRODUCTOS;dwh.FAC_PRODUCTOS;
reczmjBPxPrr0LLDU;2020-06-22T01:17:25.000Z;ics;COBRA.PROMISE;ics.COBRA.PROMISE;
